{
    "metrics": {
        "iteration_duration": {
            "med": 18.021333,
            "max": 542.762833,
            "p(90)": 85.77651660000001,
            "p(95)": 98.84872469999996,
            "avg": 31.61171285288373,
            "min": 0.354167
        },
        "http_req_connecting": {
            "max": 21.636,
            "p(90)": 0,
            "p(95)": 0,
            "avg": 0.002413615139798149,
            "min": 0,
            "med": 0
        },
        "vus_max": {
            "max": 1000,
            "value": 1000,
            "min": 1000
        },
        "data_sent": {
            "count": 323808280,
            "rate": 2398564.6609423324
        },
        "http_req_failed": {
            "passes": 0,
            "fails": 2865560,
            "thresholds": {
                "rate<0.02": false
            },
            "value": 0
        },
        "http_req_tls_handshaking": {
            "min": 0,
            "med": 0,
            "max": 0,
            "p(90)": 0,
            "p(95)": 0,
            "avg": 0
        },
        "http_req_blocked": {
            "min": 0,
            "med": 0.001,
            "max": 21.752,
            "p(90)": 0.001,
            "p(95)": 0.002,
            "avg": 0.0034411975321575255
        },
        "checks": {
            "passes": 2865560,
            "fails": 0,
            "value": 1
        },
        "http_req_waiting": {
            "avg": 31.47347385746479,
            "min": 0.282,
            "med": 17.873,
            "max": 542.736,
            "p(90)": 85.64,
            "p(95)": 98.685
        },
        "http_req_receiving": {
            "p(90)": 0.195,
            "p(95)": 0.339,
            "avg": 0.10219114972287162,
            "min": 0.006,
            "med": 0.039,
            "max": 40.904
        },
        "iterations": {
            "count": 2865560,
            "rate": 21226.235937542766
        },
        "http_req_sending": {
            "max": 38.339,
            "p(90)": 0.004,
            "p(95)": 0.006,
            "avg": 0.0034917900865724977,
            "min": -0.088,
            "med": 0.002
        },
        "vus": {
            "value": 3,
            "min": 1,
            "max": 1000
        },
        "http_reqs": {
            "count": 2865560,
            "rate": 21226.235937542766
        },
        "http_req_duration": {
            "avg": 31.579156797276397,
            "min": 0.339,
            "med": 17.983,
            "max": 542.746,
            "p(90)": 85.746,
            "p(95)": 98.812,
            "thresholds": {
                "p(95)<500": false
            }
        },
        "http_req_duration{expected_response:true}": {
            "avg": 31.579156797276397,
            "min": 0.339,
            "med": 17.983,
            "max": 542.746,
            "p(90)": 85.746,
            "p(95)": 98.812
        },
        "data_received": {
            "count": 60635784507,
            "rate": 449151114.6873847
        }
    },
    "root_group": {
        "name": "",
        "path": "",
        "id": "d41d8cd98f00b204e9800998ecf8427e",
        "groups": {},
        "checks": {
                "200": {
                    "name": "200",
                    "path": "::200",
                    "id": "4230b0c1b1cb609da348fcf04ffd96f4",
                    "passes": 2865560,
                    "fails": 0
                }
            }
    }
}