{
    "metrics": {
        "http_reqs": {
            "count": 6277985,
            "rate": 46503.32976266216
        },
        "checks": {
            "passes": 6277985,
            "fails": 0,
            "value": 1
        },
        "iteration_duration": {
            "min": 0.133959,
            "med": 34.905334,
            "max": 213.412542,
            "p(90)": 47.558625,
            "p(95)": 54.13661659999999,
            "avg": 28.763026224488666
        },
        "iterations": {
            "count": 6277985,
            "rate": 46503.32976266216
        },
        "data_sent": {
            "count": 703134320,
            "rate": 5208372.933418161
        },
        "vus": {
            "value": 7,
            "min": 1,
            "max": 2000
        },
        "http_req_duration{expected_response:true}": {
            "p(90)": 47.519,
            "p(95)": 54.089,
            "avg": 28.73347372906929,
            "min": 0.122,
            "med": 34.879,
            "max": 213.393
        },
        "http_req_tls_handshaking": {
            "p(95)": 0,
            "avg": 0,
            "min": 0,
            "med": 0,
            "max": 0,
            "p(90)": 0
        },
        "http_req_waiting": {
            "avg": 28.714840076871628,
            "min": 0.111,
            "med": 34.865,
            "max": 213.385,
            "p(90)": 47.495,
            "p(95)": 54.057
        },
        "data_received": {
            "count": 13517675943,
            "rate": 100130366.989111
        },
        "http_req_duration": {
            "avg": 28.73347372906929,
            "min": 0.122,
            "med": 34.879,
            "max": 213.393,
            "p(90)": 47.519,
            "p(95)": 54.089,
            "thresholds": {
                "p(95)<500": false
            }
        },
        "http_req_failed": {
            "fails": 6277985,
            "passes": 0,
            "thresholds": {
                "rate<0.02": false
            },
            "value": 0
        },
        "http_req_receiving": {
            "med": 0.007,
            "max": 24.433,
            "p(90)": 0.019,
            "p(95)": 0.032,
            "avg": 0.015134798983943027,
            "min": 0.002
        },
        "http_req_sending": {
            "max": 24.795,
            "p(90)": 0.004,
            "p(95)": 0.005,
            "avg": 0.0034988532151038142,
            "min": -0.088,
            "med": 0.002
        },
        "http_req_connecting": {
            "p(95)": 0,
            "avg": 0.0017900405942352566,
            "min": 0,
            "med": 0,
            "max": 15.999,
            "p(90)": 0
        },
        "vus_max": {
            "value": 2000,
            "min": 2000,
            "max": 2000
        },
        "http_req_blocked": {
            "p(90)": 0.001,
            "p(95)": 0.002,
            "avg": 0.0027139534421732636,
            "min": 0,
            "med": 0.001,
            "max": 22.361
        }
    },
    "root_group": {
        "name": "",
        "path": "",
        "id": "d41d8cd98f00b204e9800998ecf8427e",
        "groups": {},
        "checks": {
                "200": {
                    "id": "4230b0c1b1cb609da348fcf04ffd96f4",
                    "passes": 6277985,
                    "fails": 0,
                    "name": "200",
                    "path": "::200"
                }
            }
    }
}