{
    "root_group": {
        "name": "",
        "path": "",
        "id": "d41d8cd98f00b204e9800998ecf8427e",
        "groups": {},
        "checks": {
                "status is 200": {
                    "path": "::status is 200",
                    "id": "6210a8cd14cd70477eba5c5e4cb3fb5f",
                    "passes": 7166278,
                    "fails": 0,
                    "name": "status is 200"
                },
                "is JSON": {
                    "name": "is JSON",
                    "path": "::is JSON",
                    "id": "4e9f56e57a56cd942e219b9ee3692543",
                    "passes": 7166278,
                    "fails": 0
                },
                "body not empty": {
                    "name": "body not empty",
                    "path": "::body not empty",
                    "id": "85076432bd9ecbfcd3fc3c4f2d4bdfe0",
                    "passes": 7166278,
                    "fails": 0
                }
            }
    },
    "metrics": {
        "http_req_sending": {
            "avg": 0.0031144959771062103,
            "min": -0.023,
            "med": 0.002,
            "max": 13.672,
            "p(90)": 0.004,
            "p(95)": 0.007
        },
        "data_received": {
            "count": 148070994821,
            "rate": 224348734.78034857
        },
        "http_req_duration": {
            "p(95)": 29.997,
            "avg": 7.2261356196340225,
            "min": 0.322,
            "med": 3.149,
            "max": 289.392,
            "p(90)": 19.197,
            "thresholds": {
                "p(95)<500": false
            }
        },
        "http_req_blocked": {
            "min": 0,
            "med": 0.001,
            "max": 10.681,
            "p(90)": 0.001,
            "p(95)": 0.002,
            "avg": 0.002919228224311914
        },
        "iterations": {
            "count": 7166278,
            "rate": 10857.936115900466
        },
        "http_req_tls_handshaking": {
            "avg": 0,
            "min": 0,
            "med": 0,
            "max": 0,
            "p(90)": 0,
            "p(95)": 0
        },
        "iteration_duration": {
            "max": 289.479458,
            "p(90)": 19.2404163,
            "p(95)": 30.040375,
            "avg": 7.267459396056064,
            "min": 0.344709,
            "med": 3.190916
        },
        "http_reqs": {
            "rate": 10857.936115900466,
            "count": 7166278
        },
        "checks": {
            "passes": 21498834,
            "fails": 0,
            "value": 1
        },
        "vus": {
            "value": 0,
            "min": 0,
            "max": 300
        },
        "vus_max": {
            "value": 300,
            "min": 300,
            "max": 300
        },
        "http_req_receiving": {
            "p(90)": 0.143,
            "p(95)": 0.221,
            "avg": 0.06772605542214409,
            "min": 0.006,
            "med": 0.039,
            "max": 125.196
        },
        "http_req_duration{expected_response:true}": {
            "min": 0.322,
            "med": 3.149,
            "max": 289.392,
            "p(90)": 19.197,
            "p(95)": 29.997,
            "avg": 7.2261356196340225
        },
        "data_sent": {
            "count": 809789414,
            "rate": 1226946.7810967527
        },
        "http_req_failed": {
            "passes": 0,
            "fails": 7166278,
            "thresholds": {
                "rate<0.01": false
            },
            "value": 0
        },
        "http_req_connecting": {
            "min": 0,
            "med": 0,
            "max": 7.603,
            "p(90)": 0,
            "p(95)": 0,
            "avg": 0.0018582883611269175
        },
        "http_req_waiting": {
            "p(95)": 29.925,
            "avg": 7.15529506823507,
            "min": 0.277,
            "med": 3.076,
            "max": 289.373,
            "p(90)": 19.122
        }
    }
}