{
    "metrics": {
        "http_req_waiting": {
            "p(90)": 180.172,
            "p(95)": 200.807,
            "avg": 64.50301263938849,
            "min": 0.295,
            "med": 44.844,
            "max": 1000.356
        },
        "vus": {
            "max": 2000,
            "value": 8,
            "min": 1
        },
        "http_req_duration{expected_response:true}": {
            "avg": 64.60145223999625,
            "min": 0.343,
            "med": 44.936499999999995,
            "max": 956.376,
            "p(90)": 180.276,
            "p(95)": 200.91764999999987
        },
        "http_req_tls_handshaking": {
            "avg": 0,
            "min": 0,
            "med": 0,
            "max": 0,
            "p(90)": 0,
            "p(95)": 0
        },
        "checks": {
            "passes": 2794828,
            "fails": 8,
            "value": 0.9999971375780189
        },
        "http_req_blocked": {
            "avg": 0.0035937926233414455,
            "min": 0,
            "med": 0.001,
            "max": 12.476,
            "p(90)": 0.001,
            "p(95)": 0.002
        },
        "http_req_receiving": {
            "avg": 0.09779302542263213,
            "min": 0,
            "med": 0.029,
            "max": 24.451,
            "p(90)": 0.211,
            "p(95)": 0.386
        },
        "data_received": {
            "count": 57403484589,
            "rate": 425207733.8799089
        },
        "http_req_failed": {
            "passes": 8,
            "fails": 2794828,
            "thresholds": {
                "rate<0.02": false
            },
            "value": 0.0000028624219811108774
        },
        "data_sent": {
            "count": 315816468,
            "rate": 2339363.2919972553
        },
        "http_req_duration": {
            "med": 44.937,
            "max": 1000.358,
            "p(90)": 180.27650000000006,
            "p(95)": 200.919,
            "avg": 64.60413020048556,
            "min": 0.343,
            "thresholds": {
                "p(95)<500": false
            }
        },
        "http_req_sending": {
            "p(95)": 0.006,
            "avg": 0.003324535679528501,
            "min": 0.001,
            "med": 0.002,
            "max": 10.611,
            "p(90)": 0.004
        },
        "iterations": {
            "count": 2794836,
            "rate": 20702.330017674827
        },
        "iteration_duration": {
            "avg": 64.63671055864353,
            "min": 0.36025,
            "med": 44.9725835,
            "max": 1000.499792,
            "p(90)": 180.309313,
            "p(95)": 200.95325049999997
        },
        "http_reqs": {
            "count": 2794836,
            "rate": 20702.330017674827
        },
        "http_req_connecting": {
            "min": 0,
            "med": 0,
            "max": 12.038,
            "p(90)": 0,
            "p(95)": 0,
            "avg": 0.002538771147931391
        },
        "vus_max": {
            "value": 2000,
            "min": 2000,
            "max": 2000
        }
    },
    "root_group": {
        "name": "",
        "path": "",
        "id": "d41d8cd98f00b204e9800998ecf8427e",
        "groups": {},
        "checks": {
                "200": {
                    "passes": 2794828,
                    "fails": 8,
                    "name": "200",
                    "path": "::200",
                    "id": "4230b0c1b1cb609da348fcf04ffd96f4"
                }
            }
    }
}