{
    "metrics": {
        "http_req_sending": {
            "min": 0.001,
            "med": 0.002,
            "max": 24.445,
            "p(90)": 0.004,
            "p(95)": 0.006,
            "avg": 0.003676788981223778
        },
        "http_req_connecting": {
            "avg": 0.002443453571663573,
            "min": 0,
            "med": 0,
            "max": 13.305,
            "p(90)": 0,
            "p(95)": 0
        },
        "http_req_waiting": {
            "min": 0.283,
            "med": 19.985,
            "max": 334.616,
            "p(90)": 86.20020000000007,
            "p(95)": 98.363,
            "avg": 31.734763406604074
        },
        "vus": {
            "value": 3,
            "min": 1,
            "max": 1000
        },
        "http_req_duration": {
            "avg": 31.83914299251452,
            "min": 0.334,
            "med": 20.099,
            "max": 334.661,
            "p(90)": 86.303,
            "p(95)": 98.484,
            "thresholds": {
                "p(95)<500": false
            }
        },
        "http_req_duration{expected_response:true}": {
            "med": 20.069,
            "max": 310.797,
            "p(90)": 86.249,
            "p(95)": 98.387,
            "avg": 31.758555414649507,
            "min": 0.334
        },
        "http_req_failed": {
            "fails": 2841108,
            "passes": 831,
            "thresholds": {
                "rate<0.02": false
            },
            "value": 0.0002924059946395753
        },
        "checks": {
            "passes": 2841108,
            "fails": 831,
            "value": 0.9997075940053605
        },
        "vus_max": {
            "value": 1000,
            "min": 1000,
            "max": 1000
        },
        "data_sent": {
            "count": 321139107,
            "rate": 2378790.2974004284
        },
        "http_reqs": {
            "count": 2841939,
            "rate": 21051.2415699153
        },
        "http_req_tls_handshaking": {
            "p(90)": 0,
            "p(95)": 0,
            "avg": 0,
            "min": 0,
            "med": 0,
            "max": 0
        },
        "http_req_blocked": {
            "avg": 0.003541630555849257,
            "min": 0,
            "med": 0.001,
            "max": 20.208,
            "p(90)": 0.001,
            "p(95)": 0.002
        },
        "iterations": {
            "count": 2841939,
            "rate": 21051.2415699153
        },
        "http_req_receiving": {
            "avg": 0.10070279692840776,
            "min": 0.006,
            "med": 0.036,
            "max": 32.473,
            "p(90)": 0.188,
            "p(95)": 0.335
        },
        "iteration_duration": {
            "avg": 31.87406824394776,
            "min": 0.348708,
            "med": 20.142708,
            "max": 334.708833,
            "p(90)": 86.33425,
            "p(95)": 98.52105449999998
        },
        "data_received": {
            "count": 58703705655,
            "rate": 434838991.54507107
        }
    },
    "root_group": {
        "name": "",
        "path": "",
        "id": "d41d8cd98f00b204e9800998ecf8427e",
        "groups": {},
        "checks": {
                "200": {
                    "name": "200",
                    "path": "::200",
                    "id": "4230b0c1b1cb609da348fcf04ffd96f4",
                    "passes": 2841108,
                    "fails": 831
                }
            }
    }
}