{
    "root_group": {
        "name": "",
        "path": "",
        "id": "d41d8cd98f00b204e9800998ecf8427e",
        "groups": {},
        "checks": {
                "200": {
                    "name": "200",
                    "path": "::200",
                    "id": "4230b0c1b1cb609da348fcf04ffd96f4",
                    "passes": 2882149,
                    "fails": 82
                }
            }
    },
    "metrics": {
        "http_req_receiving": {
            "p(95)": 0.317,
            "avg": 0.12386536956940207,
            "min": 0.006,
            "med": 0.023,
            "max": 131.213,
            "p(90)": 0.173
        },
        "http_req_duration": {
            "avg": 31.390336636791197,
            "min": 0.341,
            "med": 33.839,
            "max": 386.882,
            "p(90)": 51.219,
            "p(95)": 64.54,
            "thresholds": {
                "p(95)<500": false
            }
        },
        "checks": {
            "passes": 2882149,
            "fails": 82,
            "value": 0.9999715498167913
        },
        "data_sent": {
            "rate": 2412515.5646026633,
            "count": 325692103
        },
        "http_req_sending": {
            "avg": 0.0034649731407675284,
            "min": 0.001,
            "med": 0.002,
            "max": 29.126,
            "p(90)": 0.004,
            "p(95)": 0.006
        },
        "vus_max": {
            "value": 1000,
            "min": 1000,
            "max": 1000
        },
        "iteration_duration": {
            "avg": 31.42624309187804,
            "min": 0.356458,
            "med": 33.871083,
            "max": 386.899375,
            "p(90)": 51.26,
            "p(95)": 64.58058349999992
        },
        "vus": {
            "value": 3,
            "min": 1,
            "max": 1000
        },
        "data_received": {
            "count": 59551520793,
            "rate": 441118987.7971086
        },
        "http_req_duration{expected_response:true}": {
            "p(90)": 51.215,
            "p(95)": 64.52459999999988,
            "avg": 31.38152781726252,
            "min": 0.341,
            "med": 33.838,
            "max": 345.904
        },
        "http_req_waiting": {
            "avg": 31.263006294082423,
            "min": 0.287,
            "med": 33.743,
            "max": 386.831,
            "p(90)": 50.965,
            "p(95)": 64.085
        },
        "iterations": {
            "count": 2882231,
            "rate": 21349.695261970468
        },
        "http_req_tls_handshaking": {
            "med": 0,
            "max": 0,
            "p(90)": 0,
            "p(95)": 0,
            "avg": 0,
            "min": 0
        },
        "http_req_connecting": {
            "p(95)": 0,
            "avg": 0.002331501534748589,
            "min": 0,
            "med": 0,
            "max": 16.862,
            "p(90)": 0
        },
        "http_req_blocked": {
            "min": 0,
            "med": 0.001,
            "max": 20.876,
            "p(90)": 0.001,
            "p(95)": 0.002,
            "avg": 0.0033541503093476015
        },
        "http_reqs": {
            "count": 2882231,
            "rate": 21349.695261970468
        },
        "http_req_failed": {
            "passes": 82,
            "fails": 2882149,
            "thresholds": {
                "rate<0.02": false
            },
            "value": 0.00002845018320877126
        }
    }
}