{
    "metrics": {
        "http_reqs": {
            "count": 6248537,
            "rate": 46285.205204910686
        },
        "checks": {
            "passes": 6248537,
            "fails": 0,
            "value": 1
        },
        "vus_max": {
            "min": 1000,
            "max": 1000,
            "value": 1000
        },
        "iteration_duration": {
            "min": 0.138792,
            "med": 15.556333,
            "max": 264.483875,
            "p(90)": 23.944850400000007,
            "p(95)": 31.521083,
            "avg": 14.489989844478032
        },
        "http_req_duration{expected_response:true}": {
            "avg": 14.455053228459839,
            "min": 0.122,
            "med": 15.526,
            "max": 264.467,
            "p(90)": 23.889,
            "p(95)": 31.466
        },
        "http_req_blocked": {
            "p(90)": 0.001,
            "p(95)": 0.002,
            "avg": 0.0030537143335560564,
            "min": 0,
            "med": 0.001,
            "max": 17.497
        },
        "data_received": {
            "count": 13454277819,
            "rate": 99660770.15088384
        },
        "http_req_waiting": {
            "avg": 14.430942369387559,
            "min": 0.115,
            "med": 15.51,
            "max": 264.459,
            "p(90)": 23.845,
            "p(95)": 31.33
        },
        "http_req_tls_handshaking": {
            "p(95)": 0,
            "avg": 0,
            "min": 0,
            "med": 0,
            "max": 0,
            "p(90)": 0
        },
        "iterations": {
            "count": 6248537,
            "rate": 46285.205204910686
        },
        "data_sent": {
            "count": 699836144,
            "rate": 5183942.982949997
        },
        "http_req_duration": {
            "avg": 14.455053228459839,
            "min": 0.122,
            "med": 15.526,
            "max": 264.467,
            "p(90)": 23.889,
            "p(95)": 31.466,
            "thresholds": {
                "p(95)<500": false
            }
        },
        "http_req_sending": {
            "avg": 0.0035811539567743526,
            "min": 0,
            "med": 0.002,
            "max": 15.603,
            "p(90)": 0.004,
            "p(95)": 0.005
        },
        "http_req_failed": {
            "passes": 0,
            "fails": 6248537,
            "thresholds": {
                "rate<0.02": false
            },
            "value": 0
        },
        "http_req_connecting": {
            "p(95)": 0,
            "avg": 0.0020637882115445406,
            "min": 0,
            "med": 0,
            "max": 17.437,
            "p(90)": 0
        },
        "http_req_receiving": {
            "p(90)": 0.018,
            "p(95)": 0.032,
            "avg": 0.020529705113066687,
            "min": 0.002,
            "med": 0.007,
            "max": 18.528
        },
        "vus": {
            "value": 2,
            "min": 1,
            "max": 1000
        }
    },
    "root_group": {
        "path": "",
        "id": "d41d8cd98f00b204e9800998ecf8427e",
        "groups": {},
        "checks": {
                "200": {
                    "name": "200",
                    "path": "::200",
                    "id": "4230b0c1b1cb609da348fcf04ffd96f4",
                    "passes": 6248537,
                    "fails": 0
                }
            },
        "name": ""
    }
}