{
    "root_group": {
        "name": "",
        "path": "",
        "id": "d41d8cd98f00b204e9800998ecf8427e",
        "groups": {},
        "checks": {
                "200": {
                    "name": "200",
                    "path": "::200",
                    "id": "4230b0c1b1cb609da348fcf04ffd96f4",
                    "passes": 6159155,
                    "fails": 0
                }
            }
    },
    "metrics": {
        "http_req_receiving": {
            "min": 0.002,
            "med": 0.007,
            "max": 20.953,
            "p(90)": 0.019,
            "p(95)": 0.031,
            "avg": 0.014337789842769639
        },
        "http_req_duration": {
            "avg": 14.67366986526818,
            "min": 0.125,
            "med": 15.866,
            "max": 189.102,
            "p(90)": 26.763,
            "p(95)": 34.046,
            "thresholds": {
                "p(95)<500": false
            }
        },
        "http_req_duration{expected_response:true}": {
            "med": 15.866,
            "max": 189.102,
            "p(90)": 26.763,
            "p(95)": 34.046,
            "avg": 14.67366986526818,
            "min": 0.125
        },
        "data_sent": {
            "count": 689825360,
            "rate": 5109784.7410088815
        },
        "http_req_sending": {
            "min": 0,
            "med": 0.002,
            "max": 13.053,
            "p(90)": 0.004,
            "p(95)": 0.005,
            "avg": 0.0028233528789958695
        },
        "http_req_blocked": {
            "p(90)": 0.001,
            "p(95)": 0.002,
            "avg": 0.002736439820177701,
            "min": 0,
            "med": 0.001,
            "max": 12.874
        },
        "http_req_tls_handshaking": {
            "p(90)": 0,
            "p(95)": 0,
            "avg": 0,
            "min": 0,
            "med": 0,
            "max": 0
        },
        "vus_max": {
            "value": 1000,
            "min": 1000,
            "max": 1000
        },
        "vus": {
            "value": 3,
            "min": 1,
            "max": 1000
        },
        "http_reqs": {
            "count": 6159155,
            "rate": 45623.078044722155
        },
        "checks": {
            "fails": 0,
            "passes": 6159155,
            "value": 1
        },
        "data_received": {
            "count": 13261821444,
            "rate": 98235084.9677889
        },
        "http_req_connecting": {
            "avg": 0.0018066125953966159,
            "min": 0,
            "med": 0,
            "max": 12.855,
            "p(90)": 0,
            "p(95)": 0
        },
        "http_req_waiting": {
            "max": 189.093,
            "p(90)": 26.73,
            "p(95)": 34.023,
            "avg": 14.656508722545347,
            "min": 0.115,
            "med": 15.852
        },
        "iteration_duration": {
            "p(90)": 26.794733600000008,
            "p(95)": 34.08184559999999,
            "avg": 14.702531449211058,
            "min": 0.141125,
            "med": 15.892042,
            "max": 189.121875
        },
        "iterations": {
            "count": 6159155,
            "rate": 45623.078044722155
        },
        "http_req_failed": {
            "fails": 6159155,
            "passes": 0,
            "thresholds": {
                "rate<0.02": false
            },
            "value": 0
        }
    }
}