{
    "root_group": {
        "groups": {},
        "checks": {
                "200": {
                    "id": "4230b0c1b1cb609da348fcf04ffd96f4",
                    "passes": 6068188,
                    "fails": 31,
                    "name": "200",
                    "path": "::200"
                }
            },
        "name": "",
        "path": "",
        "id": "d41d8cd98f00b204e9800998ecf8427e"
    },
    "metrics": {
        "http_req_tls_handshaking": {
            "med": 0,
            "max": 0,
            "p(90)": 0,
            "p(95)": 0,
            "avg": 0,
            "min": 0
        },
        "http_req_receiving": {
            "max": 35.404,
            "p(90)": 0.034,
            "p(95)": 0.058,
            "avg": 0.018475404232981264,
            "min": -0.2,
            "med": 0.007
        },
        "iteration_duration": {
            "p(95)": 60.53630029999998,
            "avg": 14.924606950910542,
            "min": 0.1515,
            "med": 2.132042,
            "max": 347.460792,
            "p(90)": 42.68275
        },
        "http_req_sending": {
            "max": 13.209,
            "p(90)": 0.003,
            "p(95)": 0.005,
            "avg": 0.0030489003447915714,
            "min": -0.054,
            "med": 0.002
        },
        "data_sent": {
            "rate": 5034348.0282888,
            "count": 679640528
        },
        "http_req_blocked": {
            "p(90)": 0.001,
            "p(95)": 0.002,
            "avg": 0.0025351028037394877,
            "min": 0,
            "med": 0.001,
            "max": 15.145
        },
        "http_req_waiting": {
            "p(95)": 60.483,
            "avg": 14.874697834571862,
            "min": 0.131,
            "med": 2.06,
            "max": 346.904,
            "p(90)": 42.628
        },
        "checks": {
            "passes": 6068188,
            "fails": 31,
            "value": 0.9999948914170698
        },
        "data_received": {
            "count": 13065959635,
            "rate": 96784381.47255883
        },
        "vus_max": {
            "value": 1000,
            "min": 1000,
            "max": 1000
        },
        "http_req_duration{expected_response:true}": {
            "min": 0.138,
            "med": 2.095,
            "max": 301.072,
            "p(90)": 42.652,
            "p(95)": 60.506,
            "avg": 14.894734757065459
        },
        "http_reqs": {
            "count": 6068219,
            "rate": 44949.535966864285
        },
        "iterations": {
            "count": 6068219,
            "rate": 44949.535966864285
        },
        "vus": {
            "value": 3,
            "min": 1,
            "max": 1000
        },
        "http_req_failed": {
            "passes": 31,
            "fails": 6068188,
            "thresholds": {
                "rate<0.02": false
            },
            "value": 0.000005108582930180997
        },
        "http_req_duration": {
            "p(95)": 60.508,
            "avg": 14.89622213914946,
            "min": 0.138,
            "med": 2.095,
            "max": 347.116,
            "p(90)": 42.653,
            "thresholds": {
                "p(95)<500": false
            }
        },
        "http_req_connecting": {
            "min": 0,
            "med": 0,
            "max": 10.183,
            "p(90)": 0,
            "p(95)": 0,
            "avg": 0.0015519237192988455
        }
    }
}