{
    "root_group": {
        "checks": {
            "200": {
                "fails": 0,
                "name": "200",
                "path": "::200",
                "id": "4230b0c1b1cb609da348fcf04ffd96f4",
                "passes": 2184452
            }
        },
        "name": "",
        "path": "",
        "id": "d41d8cd98f00b204e9800998ecf8427e",
        "groups": {}
    },
    "metrics": {
        "http_req_sending": {
            "avg": 0.0041284308376992535,
            "min": 0.001,
            "med": 0.002,
            "max": 22.123,
            "p(90)": 0.005,
            "p(95)": 0.006
        },
        "http_req_failed": {
            "passes": 0,
            "fails": 2184452,
            "thresholds": {
                "rate<0.02": false
            },
            "value": 0
        },
        "http_reqs": {
            "count": 2184452,
            "rate": 16181.002710586768
        },
        "http_req_tls_handshaking": {
            "avg": 0,
            "min": 0,
            "med": 0,
            "max": 0,
            "p(90)": 0,
            "p(95)": 0
        },
        "iterations": {
            "count": 2184452,
            "rate": 16181.002710586768
        },
        "vus_max": {
            "value": 1000,
            "min": 1000,
            "max": 1000
        },
        "http_req_blocked": {
            "p(95)": 0.002,
            "avg": 0.0035238348108527716,
            "min": 0,
            "med": 0.001,
            "max": 34.17,
            "p(90)": 0.001
        },
        "http_req_connecting": {
            "min": 0,
            "med": 0,
            "max": 18.429,
            "p(90)": 0,
            "p(95)": 0,
            "avg": 0.002202835310640834
        },
        "iteration_duration": {
            "p(90)": 115.68065770000001,
            "p(95)": 148.62243964999928,
            "avg": 41.474690571227164,
            "min": 0.487709,
            "med": 18.0232295,
            "max": 765.789583
        },
        "http_req_duration{expected_response:true}": {
            "med": 17.976,
            "max": 765.766,
            "p(90)": 115.643,
            "p(95)": 148.57014999999933,
            "avg": 41.43722085310221,
            "min": 0.46
        },
        "data_sent": {
            "rate": 1828453.3062963048,
            "count": 246843076
        },
        "vus": {
            "value": 4,
            "min": 1,
            "max": 1000
        },
        "data_received": {
            "count": 44866865525,
            "rate": 332344621.2942912
        },
        "http_req_duration": {
            "max": 765.766,
            "p(90)": 115.643,
            "p(95)": 148.57014999999933,
            "avg": 41.43722085310221,
            "min": 0.46,
            "med": 17.976,
            "thresholds": {
                "p(95)<500": false
            }
        },
        "checks": {
            "passes": 2184452,
            "fails": 0,
            "value": 1
        },
        "http_req_receiving": {
            "max": 39.447,
            "p(90)": 0.233,
            "p(95)": 0.344,
            "avg": 0.11309446396652885,
            "min": 0.008,
            "med": 0.073
        },
        "http_req_waiting": {
            "avg": 41.31999795829872,
            "min": 0.393,
            "med": 17.856,
            "max": 765.333,
            "p(90)": 115.523,
            "p(95)": 148.4098999999998
        }
    }
}