{
    "metrics": {
        "data_sent": {
            "count": 655952976,
            "rate": 4858879.368613287
        },
        "checks": {
            "passes": 5845075,
            "fails": 11648,
            "value": 0.9980111745083385
        },
        "http_req_sending": {
            "avg": 0.0031389691814518476,
            "min": 0,
            "med": 0.002,
            "max": 36.642,
            "p(90)": 0.004,
            "p(95)": 0.006
        },
        "http_req_duration": {
            "avg": 30.803767887602234,
            "min": 0.139,
            "med": 3.126,
            "max": 385.842,
            "p(90)": 89.927,
            "p(95)": 127.911,
            "thresholds": {
                "p(95)<500": false
            }
        },
        "data_received": {
            "count": 12588370531,
            "rate": 93246583.36108439
        },
        "iterations": {
            "rate": 43382.85150547577,
            "count": 5856723
        },
        "http_req_blocked": {
            "avg": 0.0030173214612661528,
            "min": 0,
            "med": 0.001,
            "max": 31.685,
            "p(90)": 0.001,
            "p(95)": 0.002
        },
        "http_reqs": {
            "count": 5856723,
            "rate": 43382.85150547577
        },
        "http_req_receiving": {
            "p(90)": 0.035,
            "p(95)": 0.062,
            "avg": 0.019722931919328605,
            "min": 0.002,
            "med": 0.007,
            "max": 43.806
        },
        "vus": {
            "value": 8,
            "min": 1,
            "max": 2000
        },
        "http_req_tls_handshaking": {
            "avg": 0,
            "min": 0,
            "med": 0,
            "max": 0,
            "p(90)": 0,
            "p(95)": 0
        },
        "http_req_duration{expected_response:true}": {
            "p(95)": 126.559,
            "avg": 30.25346208987642,
            "min": 0.139,
            "med": 2.989,
            "max": 332.287,
            "p(90)": 89.31
        },
        "http_req_connecting": {
            "med": 0,
            "max": 31.284,
            "p(90)": 0,
            "p(95)": 0,
            "avg": 0.0020319554126086783,
            "min": 0
        },
        "http_req_waiting": {
            "avg": 30.780905986503342,
            "min": 0.126,
            "med": 3.086,
            "max": 383.425,
            "p(90)": 89.9,
            "p(95)": 127.883
        },
        "iteration_duration": {
            "max": 385.860291,
            "p(90)": 89.964375,
            "p(95)": 127.94682059999997,
            "avg": 30.83735265141014,
            "min": 0.156375,
            "med": 3.17275
        },
        "http_req_failed": {
            "passes": 11648,
            "fails": 5845075,
            "thresholds": {
                "rate<0.02": false
            },
            "value": 0.0019888254916614633
        },
        "vus_max": {
            "value": 2000,
            "min": 2000,
            "max": 2000
        }
    },
    "root_group": {
        "id": "d41d8cd98f00b204e9800998ecf8427e",
        "groups": {},
        "checks": {
                "200": {
                    "id": "4230b0c1b1cb609da348fcf04ffd96f4",
                    "passes": 5845075,
                    "fails": 11648,
                    "name": "200",
                    "path": "::200"
                }
            },
        "name": "",
        "path": ""
    }
}