{
    "metrics": {
        "http_req_duration": {
            "avg": 40.97749789112892,
            "min": 0.461,
            "med": 26.849,
            "max": 795.627,
            "p(90)": 109.69,
            "p(95)": 124.716,
            "thresholds": {
                "p(95)<500": false
            }
        },
        "vus_max": {
            "min": 1000,
            "max": 1000,
            "value": 1000
        },
        "http_req_blocked": {
            "p(90)": 0.001,
            "p(95)": 0.002,
            "avg": 0.004540085804289746,
            "min": 0,
            "med": 0.001,
            "max": 23.616
        },
        "http_req_failed": {
            "passes": 0,
            "fails": 2208051,
            "thresholds": {
                "rate<0.02": false
            },
            "value": 0
        },
        "http_req_connecting": {
            "med": 0,
            "max": 23.543,
            "p(90)": 0,
            "p(95)": 0,
            "avg": 0.003195060711912903,
            "min": 0
        },
        "http_req_tls_handshaking": {
            "p(90)": 0,
            "p(95)": 0,
            "avg": 0,
            "min": 0,
            "med": 0,
            "max": 0
        },
        "http_req_sending": {
            "avg": 0.004722363749906182,
            "min": 0.001,
            "med": 0.002,
            "max": 22.923,
            "p(90)": 0.004,
            "p(95)": 0.006
        },
        "iterations": {
            "count": 2208051,
            "rate": 16355.854098306812
        },
        "http_req_duration{expected_response:true}": {
            "avg": 40.97749789112892,
            "min": 0.461,
            "med": 26.849,
            "max": 795.627,
            "p(90)": 109.69,
            "p(95)": 124.716
        },
        "http_reqs": {
            "rate": 16355.854098306812,
            "count": 2208051
        },
        "http_req_receiving": {
            "avg": 0.13089950005738132,
            "min": 0.008,
            "med": 0.041,
            "max": 38.162,
            "p(90)": 0.247,
            "p(95)": 0.448
        },
        "data_received": {
            "count": 45351569566,
            "rate": 335935924.91781557
        },
        "http_req_waiting": {
            "min": 0.388,
            "med": 26.715,
            "max": 795.608,
            "p(90)": 109.555,
            "p(95)": 124.539,
            "avg": 40.841876027319486
        },
        "iteration_duration": {
            "min": 0.481875,
            "med": 26.898084,
            "max": 795.657792,
            "p(90)": 109.7305,
            "p(95)": 124.78689599999997,
            "avg": 41.02542992223661
        },
        "data_sent": {
            "count": 249509763,
            "rate": 1848211.5131086698
        },
        "checks": {
            "passes": 2208051,
            "fails": 0,
            "value": 1
        },
        "vus": {
            "value": 5,
            "min": 1,
            "max": 1000
        }
    },
    "root_group": {
        "id": "d41d8cd98f00b204e9800998ecf8427e",
        "groups": {},
        "checks": {
                "200": {
                    "name": "200",
                    "path": "::200",
                    "id": "4230b0c1b1cb609da348fcf04ffd96f4",
                    "passes": 2208051,
                    "fails": 0
                }
            },
        "name": "",
        "path": ""
    }
}