{
    "metrics": {
        "http_req_receiving": {
            "max": 29.048,
            "p(90)": 0.255,
            "p(95)": 0.469,
            "avg": 0.11620924966925535,
            "min": 0,
            "med": 0.033
        },
        "data_sent": {
            "count": 296346681,
            "rate": 2195128.9251026213
        },
        "http_req_waiting": {
            "p(90)": 397.288,
            "p(95)": 450.3301999999999,
            "avg": 137.48371345494166,
            "min": 0.271,
            "med": 75,
            "max": 1015.401
        },
        "http_req_duration": {
            "p(95)": 450.4761999999999,
            "avg": 137.60350352464002,
            "min": 0.319,
            "med": 75.104,
            "max": 1015.44,
            "p(90)": 397.42140000000006,
            "thresholds": {
                "p(95)<500": false
            }
        },
        "iterations": {
            "count": 2622537,
            "rate": 19425.91969117364
        },
        "vus_max": {
            "value": 4000,
            "min": 4000,
            "max": 4000
        },
        "data_received": {
            "count": 53642111744,
            "rate": 397343242.3656583
        },
        "http_req_sending": {
            "p(90)": 0.004,
            "p(95)": 0.007,
            "avg": 0.0035808200228960203,
            "min": 0.001,
            "med": 0.002,
            "max": 14.183
        },
        "http_req_blocked": {
            "avg": 0.005047176074253922,
            "min": 0,
            "med": 0.001,
            "max": 18.739,
            "p(90)": 0.001,
            "p(95)": 0.002
        },
        "http_reqs": {
            "count": 2622537,
            "rate": 19425.91969117364
        },
        "http_req_duration{expected_response:true}": {
            "avg": 134.02277814999354,
            "min": 0.319,
            "med": 73.58,
            "max": 1002.961,
            "p(90)": 394.096,
            "p(95)": 444.5451999999999
        },
        "http_req_tls_handshaking": {
            "med": 0,
            "max": 0,
            "p(90)": 0,
            "p(95)": 0,
            "avg": 0,
            "min": 0
        },
        "checks": {
            "passes": 2611697,
            "fails": 10840,
            "value": 0.995866597878314
        },
        "http_req_failed": {
            "fails": 2611697,
            "passes": 10840,
            "thresholds": {
                "rate<0.02": false
            },
            "value": 0.0041334021216859855
        },
        "http_req_connecting": {
            "avg": 0.003888293282420793,
            "min": 0,
            "med": 0,
            "max": 18.71,
            "p(90)": 0,
            "p(95)": 0
        },
        "iteration_duration": {
            "p(95)": 450.51699139999994,
            "avg": 137.63872957219434,
            "min": 0.335875,
            "med": 75.142334,
            "max": 1015.4985,
            "p(90)": 397.4621416
        },
        "vus": {
            "value": 28,
            "min": 1,
            "max": 4000
        }
    },
    "root_group": {
        "name": "",
        "path": "",
        "id": "d41d8cd98f00b204e9800998ecf8427e",
        "groups": {},
        "checks": {
                "200": {
                    "name": "200",
                    "path": "::200",
                    "id": "4230b0c1b1cb609da348fcf04ffd96f4",
                    "passes": 2611697,
                    "fails": 10840
                }
            }
    }
}