{
    "root_group": {
        "name": "",
        "path": "",
        "id": "d41d8cd98f00b204e9800998ecf8427e",
        "groups": {},
        "checks": {
                "200": {
                    "fails": 13,
                    "name": "200",
                    "path": "::200",
                    "id": "4230b0c1b1cb609da348fcf04ffd96f4",
                    "passes": 6120647
                }
            }
    },
    "metrics": {
        "checks": {
            "passes": 6120647,
            "fails": 13,
            "value": 0.9999978760460473
        },
        "http_reqs": {
            "count": 6120660,
            "rate": 45337.200623968165
        },
        "http_req_sending": {
            "avg": 0.0035126502699861254,
            "min": -0.024,
            "med": 0.002,
            "max": 20.063,
            "p(90)": 0.003,
            "p(95)": 0.005
        },
        "http_req_failed": {
            "fails": 6120647,
            "passes": 13,
            "thresholds": {
                "rate<0.02": false
            },
            "value": 0.000002123953952678306
        },
        "http_req_receiving": {
            "avg": 0.018069424375674006,
            "min": 0.002,
            "med": 0.006,
            "max": 42.819,
            "p(90)": 0.025,
            "p(95)": 0.049
        },
        "http_req_duration{expected_response:true}": {
            "p(90)": 40.041,
            "p(95)": 56.07,
            "avg": 14.76337979154789,
            "min": 0.121,
            "med": 4.906,
            "max": 300.62
        },
        "data_sent": {
            "count": 685513920,
            "rate": 5077766.469884435
        },
        "http_req_duration": {
            "p(95)": 56.071,
            "avg": 14.764009112579087,
            "min": 0.121,
            "med": 4.906,
            "max": 348.848,
            "p(90)": 40.041,
            "thresholds": {
                "p(95)<500": false
            }
        },
        "http_req_connecting": {
            "avg": 0.0018449025105135629,
            "min": 0,
            "med": 0,
            "max": 12.563,
            "p(90)": 0,
            "p(95)": 0
        },
        "http_req_tls_handshaking": {
            "avg": 0,
            "min": 0,
            "med": 0,
            "max": 0,
            "p(90)": 0,
            "p(95)": 0
        },
        "iterations": {
            "count": 6120660,
            "rate": 45337.200623968165
        },
        "vus_max": {
            "value": 1000,
            "min": 1000,
            "max": 1000
        },
        "http_req_blocked": {
            "p(95)": 0.002,
            "avg": 0.002746601020252981,
            "min": 0,
            "med": 0.001,
            "max": 16.855,
            "p(90)": 0.001
        },
        "http_req_waiting": {
            "p(90)": 40.018,
            "p(95)": 56.042,
            "avg": 14.742427037933702,
            "min": 0.108,
            "med": 4.882,
            "max": 348.815
        },
        "data_received": {
            "count": 13178909643,
            "rate": 97619353.22168519
        },
        "iteration_duration": {
            "avg": 14.79460494693453,
            "min": 0.13575,
            "med": 4.9396045,
            "max": 348.887167,
            "p(90)": 40.07225,
            "p(95)": 56.104883299999955
        },
        "vus": {
            "value": 3,
            "min": 1,
            "max": 1000
        }
    }
}