{
    "metrics": {
        "http_req_failed": {
            "passes": 0,
            "fails": 489093,
            "thresholds": {
                "rate<0.02": false
            },
            "value": 0
        },
        "http_req_duration{expected_response:true}": {
            "med": 234.474,
            "max": 490.649,
            "p(90)": 270.784,
            "p(95)": 280.717,
            "avg": 185.3008237124632,
            "min": 1.829
        },
        "http_req_waiting": {
            "p(95)": 268.039,
            "avg": 178.76483274551092,
            "min": 0.282,
            "med": 229.322,
            "max": 410.396,
            "p(90)": 261.151
        },
        "data_received": {
            "count": 10876939227,
            "rate": 80568936.66216579
        },
        "http_reqs": {
            "count": 489093,
            "rate": 3622.86688529906
        },
        "iterations": {
            "count": 489093,
            "rate": 3622.86688529906
        },
        "http_req_blocked": {
            "avg": 0.0014455614780705167,
            "min": 0,
            "med": 0.001,
            "max": 5.458,
            "p(90)": 0.001,
            "p(95)": 0.002
        },
        "http_req_sending": {
            "avg": 0.0033473920092689496,
            "min": 0.001,
            "med": 0.002,
            "max": 9.936,
            "p(90)": 0.004,
            "p(95)": 0.006
        },
        "data_sent": {
            "count": 55267509,
            "rate": 409383.95803879376
        },
        "checks": {
            "passes": 489093,
            "fails": 0,
            "value": 1
        },
        "http_req_connecting": {
            "avg": 0.0003621151805484848,
            "min": 0,
            "med": 0,
            "max": 3.423,
            "p(90)": 0,
            "p(95)": 0
        },
        "http_req_tls_handshaking": {
            "p(95)": 0,
            "avg": 0,
            "min": 0,
            "med": 0,
            "max": 0,
            "p(90)": 0
        },
        "http_req_receiving": {
            "max": 153.379,
            "p(90)": 14.483,
            "p(95)": 20.584399999999977,
            "avg": 6.5326435749438385,
            "min": 0.02,
            "med": 3.725
        },
        "http_req_duration": {
            "avg": 185.3008237124632,
            "min": 1.829,
            "med": 234.474,
            "max": 490.649,
            "p(90)": 270.784,
            "p(95)": 280.717,
            "thresholds": {
                "p(95)<500": false
            }
        },
        "vus_max": {
            "value": 1000,
            "min": 1000,
            "max": 1000
        },
        "iteration_duration": {
            "p(90)": 270.81724940000004,
            "p(95)": 280.7473084,
            "avg": 185.33312657254467,
            "min": 1.868291,
            "med": 234.505292,
            "max": 490.674833
        },
        "vus": {
            "max": 1000,
            "value": 3,
            "min": 1
        }
    },
    "root_group": {
        "name": "",
        "path": "",
        "id": "d41d8cd98f00b204e9800998ecf8427e",
        "groups": {},
        "checks": {
                "200": {
                    "name": "200",
                    "path": "::200",
                    "id": "4230b0c1b1cb609da348fcf04ffd96f4",
                    "passes": 489093,
                    "fails": 0
                }
            }
    }
}