{
    "root_group": {
        "id": "d41d8cd98f00b204e9800998ecf8427e",
        "groups": {},
        "checks": {
                "200": {
                    "fails": 0,
                    "name": "200",
                    "path": "::200",
                    "id": "4230b0c1b1cb609da348fcf04ffd96f4",
                    "passes": 681966
                }
            },
        "name": "",
        "path": ""
    },
    "metrics": {
        "http_req_blocked": {
            "p(90)": 0.001,
            "p(95)": 0.002,
            "avg": 0.0020043946472265103,
            "min": 0,
            "med": 0.001,
            "max": 3.726
        },
        "http_req_receiving": {
            "min": 0.015,
            "med": 3.024,
            "max": 131.111,
            "p(90)": 10.372,
            "p(95)": 13.914,
            "avg": 4.743313254619926
        },
        "checks": {
            "passes": 681966,
            "fails": 0,
            "value": 1
        },
        "http_req_tls_handshaking": {
            "med": 0,
            "max": 0,
            "p(90)": 0,
            "p(95)": 0,
            "avg": 0,
            "min": 0
        },
        "data_received": {
            "count": 14720918076,
            "rate": 109041949.15498425
        },
        "iterations": {
            "count": 681966,
            "rate": 5051.512515286957
        },
        "http_req_duration": {
            "p(95)": 816.428,
            "avg": 529.9075165668099,
            "min": 1.258,
            "med": 679.683,
            "max": 963.988,
            "p(90)": 801.176,
            "thresholds": {
                "p(95)<500": true
            }
        },
        "http_req_connecting": {
            "max": 3.684,
            "p(90)": 0,
            "p(95)": 0,
            "avg": 0.0009729766586604027,
            "min": 0,
            "med": 0
        },
        "vus": {
            "value": 30,
            "min": 1,
            "max": 4000
        },
        "http_req_duration{expected_response:true}": {
            "avg": 529.9075165668099,
            "min": 1.258,
            "med": 679.683,
            "max": 963.988,
            "p(90)": 801.176,
            "p(95)": 816.428
        },
        "iteration_duration": {
            "med": 679.7163955000001,
            "max": 964.091792,
            "p(90)": 801.2040005,
            "p(95)": 816.453656,
            "avg": 529.9370381687985,
            "min": 1.272916
        },
        "vus_max": {
            "value": 4000,
            "min": 4000,
            "max": 4000
        },
        "http_req_failed": {
            "passes": 0,
            "fails": 681966,
            "thresholds": {
                "rate<0.02": false
            },
            "value": 0
        },
        "http_req_sending": {
            "min": 0.001,
            "med": 0.002,
            "max": 1.358,
            "p(90)": 0.006,
            "p(95)": 0.01,
            "avg": 0.0033613039359518355
        },
        "http_req_waiting": {
            "p(95)": 810.553,
            "avg": 525.1608420082488,
            "min": 0.215,
            "med": 675.667,
            "max": 944.847,
            "p(90)": 795.263
        },
        "http_reqs": {
            "rate": 5051.512515286957,
            "count": 681966
        },
        "data_sent": {
            "count": 77062158,
            "rate": 570820.9142274262
        }
    }
}